email,password
madhu_manthri@saveonfoods.com,testing
madhutest@gmail.com,apple123
madhu_manthri@saveonfoods.com,testing
madhu123@mailinator.com,testing
madhutest@gmail.com,apple123
madhuhello@gmail.com,testing
hurawot@mailinator.net,testing
madhu_manthri@saveonfoods.com,testing
madhutest@gmail.com,apple123
madhu_manthri@saveonfoods.com,testing
madhu123@mailinator.com,testing
madhutest@gmail.com,apple123
madhuhello@gmail.com,testing
hurawot@mailinator.net,testing
madhu_manthri@saveonfoods.com,testing
madhutest@gmail.com,apple123
madhu_manthri@saveonfoods.com,testing
madhu123@mailinator.com,testing
madhutest@gmail.com,apple123
madhuhello@gmail.com,testing
hurawot@mailinator.net,testing
madhu_manthri@saveonfoods.com,testing
madhutest@gmail.com,apple123
madhu_manthri@saveonfoods.com,testing
madhu123@mailinator.com,testing
madhutest@gmail.com,apple123
madhuhello@gmail.com,testing
hurawot@mailinator.net,testing
madhu_manthri@saveonfoods.com,testing
madhutest@gmail.com,apple123
madhu_manthri@saveonfoods.com,testing
madhu123@mailinator.com,testing
madhutest@gmail.com,apple123
madhuhello@gmail.com,testing
hurawot@mailinator.net,testing
madhu_manthri@saveonfoods.com,testing
madhutest@gmail.com,apple123
madhu_manthri@saveonfoods.com,testing
madhu123@mailinator.com,testing
madhutest@gmail.com,apple123
madhuhello@gmail.com,testing
hurawot@mailinator.net,testing
madhu_manthri@saveonfoods.com,testing
madhutest@gmail.com,apple123
madhu_manthri@saveonfoods.com,testing
madhu123@mailinator.com,testing
madhutest@gmail.com,apple123
madhuhello@gmail.com,testing
hurawot@mailinator.net,testing
madhu_manthri@saveonfoods.com,testing
madhutest@gmail.com,apple123
madhu_manthri@saveonfoods.com,testing
madhu123@mailinator.com,testing
madhutest@gmail.com,apple123
madhuhello@gmail.com,testing
hurawot@mailinator.net,testing
madhu_manthri@saveonfoods.com,testing
madhutest@gmail.com,apple123
madhu_manthri@saveonfoods.com,testing
madhu123@mailinator.com,testing
madhutest@gmail.com,apple123
madhuhello@gmail.com,testing
hurawot@mailinator.net,testing
email+email@mailinator.com,testing
hurawot@mailinator.net,testing
fgsfh@mailinator.net,testing
atrenouth0@google.com,testing
cidenden1@purevolume.com,testing
fblasoni3@cafepress.com,testing
tcomberbeach2@nyu.edu,testing
pcawthorn4@hp.com,testing
mbagguley5@arstechnica.com,testing
kclampett6@edublogs.org,testing
ctibb7@house.gov,testing
tbamb8@pbs.org,testing
lgai9@macromedia.com,testing
apratchetta@ftc.gov,testing
cisoldib@wsj.com,testing
mtillardc@spiegel.de,testing
vballanced@alibaba.com,testing
tdobbingse@freewebs.com,testing
bpirsonf@prnewswire.com	,testing
gmcandrewg@si.edu	,testing
lcastanoh@dropbox.com	,testing
rdevonaldi@sakura.ne.jp,	testing
bpickoverj@exblog.jp,testing
mstormsk@photobucket.com,testing
tlexal@springer.com,testing
hkhominm@wordpress.org,testing
bgreven@alibaba.com,testing
jlammingo@dot.gov,testing
smaplesdenp@irs.gov,testing
fkachellerq@addtoany.com,testing
draperr@ow.ly,testing
draperr@ow.ly,testing
bsmillies@wikipedia.org,testing
pcotgravet@epa.gov,testing
tfranchyonoku@seesaa.net,testing
rtolmanv@sbwire.com,testing
cbridgerw@theatlantic.com,testing
rucx@taobao.com,testing
adowery@posterous.com,testing
btiltz@google.es,testing
tpenreth10@telegraph.co.uk,testing
cbehnke11@loc.gov,testing
ewalework12@csmonitor.com,testing
jharsnep13@github.io,testing
ijencey14@parallels.com,testing
hsiddaley15@comsenz.com,testing
tbillie16@telegraph.co.uk,testing
cchattoe17@booking.com,testing
ogodney18@goodreads.com,testing
gceaplen19@woothemes.com,testing
meddins1a@usa.gov,testing
gbowgen1b@smh.com.au,testing
rvlasenkov1c@blogger.com,testing
saggus1d@photobucket.com,testing
crotter1e@paginegialle.it,testing
bdecayette1f@howstuffworks.com,testing
wsyphus1g@amazonaws.com,testing
lrulf1h@xinhuanet.com,testing
nelliff1i@unesco.org,testing
dshoebridge1j@technorati.com,testing
sbram1k@youtu.be,testing
abarge1l@berkeley.edu,testing
dfleischmann1m@census.gov,testing
mklewer1n@webmd.com,testing
cpaolillo1o@google.de,testing
enavarro1p@nature.com,testing
getherington1q@bloglovin.com,testing
eziehm1r@flickr.com,testing
bhallowes1s@gnu.org,testing
afellowes1t@nationalgeographic.com,testing
lbacks1u@yahoo.com,testing
fbravington1v@mlb.com,testing
tearwicker1w@earthlink.net,testing
bgregorowicz1x@cdbaby.com,testing
ccloake1y@ucoz.com,testing
alinnitt1z@sogou.com,testing
malchin20@mac.com,testing
jharper21@gravatar.com,testing
shunnaball22@ebay.com,testing
msilversmid23@wikispaces.com,testing
lmatchett24@eventbrite.com,testing
awebbbowen25@tripadvisor.com,testing
rredpath26@stumbleupon.com,testing
bspoward27@cafepress.com,testing
fmcinnery28@wix.com,testing
hbediss29@mtv.com,testing
nolivello2a@nymag.com	,testing
obroomer2b@princeton.edu,testing
lbacks1u@yahoo.com,testing
fbravington1v@mlb.com,testing
tearwicker1w@earthlink.net,testing
bgregorowicz1x@cdbaby.com,testing
ccloake1y@ucoz.com,testing
alinnitt1z@sogou.com,testing
malchin20@mac.com,testing
jharper21@gravatar.com,testing
shunnaball22@ebay.com,testing
msilversmid23@wikispaces.com,testing
lmatchett24@eventbrite.com,testing
awebbbowen25@tripadvisor.com,testing
rredpath26@stumbleupon.com,testing
bspoward27@cafepress.com,testing
fmcinnery28@wix.com,testing
hbediss29@mtv.com,testing
nolivello2a@nymag.com,testing
obroomer2b@princeton.edu,testing
bbaiyle2c@google.com.au,testing
gmcminn2d@amazon.co.jp,testing
lwhimper2e@spotify.com,testing
jdruett2f@cbslocal.com,testing
nbenedyktowicz2g@ask.com,testing
egringley2h@fastcompany.com,testing
lscott2i@aol.com,testing
ebrawley2j@ox.ac.uk,testing
mfleischmann2k@mozilla.org,testing
rfeldon2l@amazon.co.uk,testing
snewvell2m@webmd.com,testing
rthomas2o@w3.org,testing
jmacgiany2q@cnn.com,testing
srabbitt2s@tumblr.com	,testing
emcilwaine2t@infoseek.com	,testing
dpollastrone2u@cdbaby.com	,testing
nalebrooke2v@tamu.com,	testing
mculbard2w@stanford.com,	testing
cbaser2x@opera.com,testing
khundy2y@multiply.com,	testing
ahardingham2z@multiply.com,	testing
ldodding30@samsung.com,	testing
rlapere31@usda.com,testing
etommeo32@1und1.com,testing
hfleischmann33@apache.org,testing
rdavinet34@exblog.com,testing
cwalker35@rambler.com	,testing
asimonini36@cisco.com	,testing
astirman37@pagesperso.com,testing
bpockey38@newsvine.com,testing
npengelly39@thetimes.co.uk,testing
gogrady3a@about.com	,testing
lshotter3b@hexun.com,testing
agetty3c@pcworld.com,testing
iwalework3d@ucoz.ru,testing
cpyer3e@yellowpages.com,testing
cplane3f@tamu.edu,testing
anestor3g@reverbnation.com,testing
kduffree3h@discuz.net,testing
auvedale3i@bravesites.com	,testing
bmaciunas3j@ihg.com,testing
rpipet3k@yellowpages.com,testing
rlongmaid3l@wufoo.com	,testing
fdrever3m@technorati.com,testing
dwilloughley3n@fotki.com,testing
bvedyasov3o@npr.org,testing
jmonkton3p@walmart.com,testing
cmccay3q@ycombinator.com,testing
eminnis3r@mozilla.org,testing
jfannin3s@washingtonpost.com,testing
ajoddens3t@blog.com	,testing
rcurtois3u@51.la,testing
hbound3v@archive.org,testing
marnot3w@spotify.com,testing
mlayzell3x@hhs.gov,testing
kgrainger3y@smugmug.com,testing
pbuy3z@unicef.org,testing
pesmonde40@cmu.edu,testing
pmacpharlain41@ustream.tv,testing
tbeincken42@columbia.edu,testing
bcharlson43@sciencedaily.com,testing
mneve44@squidoo.com,testing
clabin45@pbs.org,testing
jlayman46@gravatar.com,testing
tzorer47@i2i.jp	,esting
kmusgrave48@sfgate.com,testing
cbouldstridge49@indiegogo.com,testing
rkeetley4a@rambler.ru	,testing
sboydle4b@eepurl.com,testing
tbines4c@barnesandnoble.com,testing
eronan4d@dot.gov,testing
mgoodie4e@geocities.com,testing
baubin4f@xrea.com,testing
ghiorn4g@hhs.gov,testing
dwoodhead4h@ucsd.edu,testing
bhenfre4i@sourceforge.net,testing
jstobbes4j@multiply.com,testing
ecramp4k@ask.com,testing
ademiranda4l@vk.com,testing
sgronou4m@whitehouse.gov,testing
bvanross4o@sitemeter.com,testing
dblenkinsopp4p@google.com,testing
emagenny4q@harvard.edu,testing
ccardenas4r@prweb.com,testing
tboddington4s@mtv.com,testing
ahebbard4t@bloomberg.com,testing
drasch4u@census.gov,testing
rgoggins4v@yellowbook.com,testing
elempel4w@ning.com,testing
mschwier4x@marriott.com,testing
sseth4y@si.edu,testing
mpfiffer4z@cornell.edu,testing
dcoule50@chicagotribune.com,testing
epigrome51@unesco.org	,testing
mgiacobbo52@wikimedia.org,testing
dbiford53@addthis.com,testing
dettery54@mit.edu,testing
dgohier55@gizmodo.com,testing
slhommeau56@adobe.com,testing
mdiaper57@unc.edu,testing
kalvarado58@prlog.org,testing
rchecchi59@narod.ru,testing
oschafer5a@ted.com,testing
dmatusovsky5b@constantcontact.com,testing
sjeannet5c@archive.org,testing
ajosipovic5d@wikipedia.org,testing
vmattheeuw5e@geocities.com,testing
vcambden5f@huffingtonpost.com,testing
agullifant5g@tumblr.com,testing
